movieId,tmdbId
1,862
2,8844
3,15602
6,949
7,11860
10,710
11,9087
12,12110
13,21032
14,10858
15,1408
16,524
17,4584
18,5
19,9273
21,8012
22,1710
24,12665
25,451
26,16420
28,17015
29,902
31,9909
32,63
34,9598
35,47018
36,687
39,9603
41,31174
44,9312
45,577
46,11861
47,807
48,10530
49,8391
50,629
52,11448
57,9089
58,11010
62,2054
63,10607
65,9536
69,10634
70,755
72,28387
74,20927
76,9102
81,400
82,880
85,8447
86,10534
89,2086
94,9283
95,9208
97,406
101,13685
104,9614
105,688
107,10874
110,197
111,103
112,33542
116,51352
123,11104
125,2074
135,9101
141,11000
145,9737
147,10474
150,568
151,11780
153,414
154,649
156,5894
157,1775
158,8839
160,10329
161,8963
162,26564
163,8068
165,1572
168,6520
169,9073
170,10428
171,17447
172,9886
173,9482
175,9344
176,9071
180,2293
185,1642
186,11472
188,11980
190,32646
193,10802
194,10149
196,9348
198,281
199,5967
203,9090
204,3512
208,9804
213,50797
214,19155
215,76
216,11017
218,9382
222,22625
223,2292
224,1909
225,8984
230,11929
231,8467
232,10451
233,20156
235,522
236,397
239,15789
246,14275
247,1024
249,13701
252,11777
253,628
256,6280
260,11
261,9587
262,19101
265,18183
266,4476
267,11008
272,11318
273,3036
277,10510
280,8438
281,11593
282,1945
288,241
289,9058
290,527
292,6950
293,101
296,680
299,40156
300,11450
302,10452
303,12106
306,110
307,108
308,109
316,2164
317,11395
318,278
319,9905
322,20306
326,31439
327,9067
329,193
333,11381
337,1587
338,9271
339,2064
342,236
344,3049
345,2759
346,12635
347,10497
348,11382
349,9331
350,10731
353,9495
355,888
356,13
357,712
361,10660
362,10714
364,8587
366,11596
367,854
368,9359
370,36593
372,2788
373,10427
374,11011
376,8987
377,1637
379,8831
380,36955
381,10449
382,10395
383,12160
390,315
393,11667
405,8011
407,2654
410,2758
412,10436
413,13595
417,16771
419,11041
420,306
422,26203
427,18215
428,1607
431,6075
432,11310
434,9350
435,9612
436,2124
440,11566
441,9571
442,9739
446,10997
448,10443
454,37233
455,1634
456,13815
457,5503
464,2019
466,9255
468,10612
471,11934
474,9386
475,7984
477,15765
480,329
481,10909
483,34024
485,9593
491,10502
492,10440
493,9516
494,2320
495,5879
497,11971
500,788
501,21450
502,11231
506,9300
507,9559
508,9800
509,713
514,10872
515,1245
517,7007
519,5550
520,8005
521,2088
522,10412
524,14534
527,424
529,14291
531,11236
532,11592
534,10445
535,695
537,12519
538,23210
539,858
540,867
541,78
543,10442
546,9607
549,20967
550,10635
551,9479
552,10057
553,11969
555,319
556,26408
558,15139
562,11446
565,11655
581,32562
585,9066
586,771
587,251
588,812
589,280
590,581
592,268
593,274
594,408
595,10020
596,10895
597,114
599,576
608,275
610,11827
611,8766
613,47333
616,10112
628,1592
647,10684
648,954
653,8840
661,10539
662,10543
663,18414
665,11902
668,5801
670,896
671,3065
673,2300
674,8069
678,27768
680,8072
700,25969
707,10990
708,8866
709,12233
714,922
719,9304
720,503475
724,9100
728,32513
733,9802
735,21588
736,664
737,11867
741,9323
743,10535
745,532
747,16299
748,10547
750,935
761,9826
762,9879
765,7095
766,26890
778,627
780,602
781,14553
783,10545
784,9894
785,11543
786,9268
788,9327
798,11228
799,10779
800,26748
802,9294
804,11363
805,1645
832,3595
836,12123
837,10830
838,3573
839,10546
841,31417
849,10061
851,549
852,10478
858,238
861,11134
866,9303
880,9306
891,10987
897,27854
898,981
899,872
900,2769
901,13320
902,164
903,426
904,567
905,3078
906,13528
907,28288
908,213
909,284
910,239
911,4808
912,289
913,963
914,11113
915,6620
916,804
918,909
919,630
920,770
921,31044
922,599
923,15
924,62
926,705
927,22490
928,223
930,303
931,4174
932,8356
933,381
934,20758
935,29376
936,1859
938,17281
940,10907
942,1939
943,22292
944,3598
946,198
947,13562
948,1712
949,220
950,3529
951,3085
952,2897
953,1585
954,3083
955,900
965,260
968,10331
969,488
971,261
973,32574
976,22649
986,11076
991,1770
994,18203
996,9333
999,9401
1005,10680
1010,14136
1012,22660
1013,19186
1014,31102
1015,6878
1016,15944
1017,18444
1019,173
1020,864
1022,11224
1023,81310
1024,15947
1025,9078
1027,8367
1028,433
1029,11360
1030,11114
1031,12335
1032,12092
1033,10948
1034,11229
1035,15121
1036,562
1037,10163
1041,11159
1042,9591
1046,10938
1047,11412
1049,10586
1057,9716
1059,454
1060,10218
1061,819
1068,28120
1069,1834
1073,252
1076,16372
1077,11561
1078,11302
1079,623
1080,583
1081,12614
1084,475
1086,521
1088,88
1089,500
1090,792
1091,8491
1092,402
1093,10537
1094,11386
1095,9504
1096,15764
1097,601
1099,25842
1100,2119
1101,744
1103,221
1104,702
1111,9305
1120,1630
1124,11816
1125,11843
1127,2756
1128,790
1129,1103
1130,11298
1131,4480
1132,4481
1135,10765
1136,762
1147,10548
1148,531
1161,659
1162,30892
1171,10608
1172,11216
1173,7452
1175,892
1176,1600
1178,975
1179,18129
1183,409
1185,10161
1186,1412
1188,10409
1189,14285
1190,2469
1192,31225
1193,510
1194,11455
1196,1891
1197,2493
1198,85
1199,68
1200,679
1201,429
1202,13446
1203,389
1204,947
1206,185
1207,595
1208,28
1209,335
1210,1892
1211,144
1212,1092
1213,769
1214,348
1215,766
1216,175
1217,11645
1218,10835
1219,539
1220,525
1221,240
1222,600
1223,530
1224,10705
1225,279
1226,3109
1227,311
1228,1578
1230,703
1231,9549
1232,1398
1233,387
1234,9277
1235,343
1236,37291
1237,490
1238,11235
1240,218
1241,763
1242,9665
1243,18971
1244,696
1245,379
1246,207
1247,37247
1248,1480
1249,9322
1250,826
1251,422
1252,829
1253,828
1254,3090
1255,9964
1256,3063
1257,13667
1258,694
1259,235
1260,832
1261,765
1262,5925
1263,11778
1264,4485
1265,137
1266,33
1267,982
1268,8428
1269,212
1270,105
1271,1633
1272,11202
1273,1554
1274,149
1275,8009
1276,903
1277,11673
1278,3034
1279,339
1280,10404
1281,914
1282,756
1283,288
1284,910
1285,2640
1286,16633
1287,665
1288,11031
1289,11314
1290,15143
1291,89
1292,10322
1293,783
1295,10644
1296,11257
1297,14370
1298,12104
1299,625
1300,8816
1301,830
1302,2323
1303,983
1304,642
1305,655
1306,10341
1307,639
1320,8077
1321,814
1327,11449
1333,571
1334,8851
1339,6114
1340,229
1342,9529
1343,1598
1344,11349
1345,7340
1346,6217
1347,377
1348,653
1350,794
1354,145
1356,199
1357,7863
1358,12498
1359,9279
1361,17204
1367,11674
1370,1573
1371,152
1372,174
1373,172
1374,154
1375,157
1376,168
1377,364
1378,11967
1379,9086
1380,621
1385,8845
1387,578
1388,579
1389,17692
1390,17795
1391,75
1393,9390
1394,378
1396,2322
1405,3179
1407,4232
1408,9361
1411,10549
1416,8818
1419,36040
1422,9415
1429,9404
1431,9622
1438,9619
1441,4104
1442,26306
1446,784
1449,16448
1459,66
1464,638
1466,9366
1476,9403
1479,10003
1483,884
1485,1624
1499,9360
1500,9434
1509,12793
1513,9611
1515,10357
1517,816
1527,18
1537,11239
1542,9450
1544,330
1552,1701
1554,26422
1556,1639
1562,415
1566,11970
1569,8874
1572,266
1573,754
1580,607
1584,686
1586,4421
1587,9387
1588,10603
1589,2142
1590,8413
1591,10336
1594,14585
1597,8834
1603,4961
1608,9772
1610,1669
1611,468
1614,10806
1615,9433
1616,6623
1617,2118
1619,978
1620,9437
1623,10351
1625,2649
1627,10155
1635,68924
1639,2255
1641,9427
1644,3597
1645,1813
1648,33344
1653,782
1658,8067
1660,45153
1663,10890
1665,1281
1672,11975
1673,4995
1674,9281
1676,563
1678,19931
1680,10215
1681,9823
1682,37165
1683,45609
1687,4824
1688,9444
1689,9414
1690,8078
1693,11831
1694,2895
1696,19601
1701,2639
1702,9574
1704,489
1707,9714
1711,8197
1713,6283
1717,4233
1719,10217
1721,597
1722,714
1726,9922
1727,547
1729,184
1730,9746
1732,115
1734,27103
1747,586
1748,2666
1753,9490
1754,9411
1757,11220
1760,6116
1762,9457
1772,11568
1777,11003
1779,10153
1783,30949
1784,2898
1785,9558
1792,11808
1799,10668
1801,9313
1805,617
1809,5910
1810,9440
1821,17127
1827,1774
1831,2157
1833,8838
1834,29193
1835,795
1836,16980
1840,9469
1844,267
1845,16148
1859,30020
1862,10216
1873,4415
1876,8656
1881,18937
1882,929
1883,9452
1884,1878
1888,9715
1889,26610
1892,1965
1894,6068
1895,15037
1897,37636
1900,21334
1907,10674
1909,846
1911,3050
1912,1389
1913,11020
1916,9464
1917,95
1918,944
1920,11551
1921,473
1923,544
1924,10513
1925,28966
1927,143
1929,33680
1931,12311
1932,43277
1933,43278
1934,34106
1935,43266
1936,27367
1937,17661
1938,28580
1939,887
1940,33667
1941,23383
1942,25430
1944,11426
1945,654
1946,15919
1947,1725
1948,5769
1949,874
1950,10633
1951,17917
1952,3116
1953,1051
1954,1366
1955,12102
1956,16619
1957,9443
1958,11050
1959,606
1960,746
1961,380
1962,403
1963,11485
1964,466
1965,13820
1966,15389
1967,13597
1968,2108
1969,10014
1970,10072
1971,10131
1972,10160
1973,11284
1974,4488
1975,9725
1976,9728
1977,9730
1978,9731
1979,10225
1980,10281
1981,10283
1982,948
1983,11281
1984,10676
1985,11357
1986,11361
1991,10585
1993,11187
1994,609
1997,9552
1998,11586
1999,11587
2000,941
2001,942
2002,943
2003,927
2004,928
2005,9340
2006,9342
2009,12101
2010,19
2011,165
2012,196
2013,551
2018,3170
2019,346
2020,859
2021,841
2022,11051
2023,242
2024,1411
2025,9769
2026,9424
2028,857
2033,10957
2034,9570
2042,11164
2046,10122
2048,9994
2052,10439
2053,11158
2054,9354
2058,9631
2059,9820
2060,14013
2064,1779
2065,10849
2066,678
2067,907
2068,5961
2071,2887
2072,11974
2074,26648
2076,793
2078,9325
2080,10340
2081,10144
2082,10414
2083,10437
2084,15300
2085,12230
2087,10693
2089,11135
2090,11319
2093,13155
2094,10249
2096,10882
2097,24808
2099,13850
2100,2619
2105,97
2107,11675
2108,2107
2109,6471
2114,227
2115,87
2116,123
2117,9314
2118,11336
2119,9980
2122,10823
2123,11497
2124,2907
2125,9454
2126,8688
2130,23954
2131,12761
2132,396
2133,14367
2134,11814
2136,18331
2137,15171
2138,11837
2139,11704
2140,11639
2141,4978
2143,11976
2144,15144
2145,11522
2146,11557
2147,13853
2150,8393
2153,9320
2159,10692
2160,805
2161,34584
2163,2182
2167,36647
2174,4011
2176,1580
2178,573
2181,506
2183,574
2184,11219
2186,845
2193,847
2194,117
2195,14577
2202,13321
2203,21734
2204,31997
2205,24197
2206,11462
2208,940
2210,12684
2212,8208
2231,10220
2232,431
2243,12626
2245,3525
2247,2321
2248,2028
2253,11597
2262,18169
2268,881
2272,53113
2273,2109
2275,24746
2278,8195
2279,9877
2285,14794
2287,11071
2288,1091
2289,10403
2291,162
2294,8916
2296,9429
2297,12159
2300,30197
2301,10156
2302,10377
2303,3121
2311,4437
2312,1890
2313,1955
2315,11932
2316,6435
2318,10683
2320,9445
2321,2657
2324,637
2325,8675
2328,9945
2329,73
2330,18603
2333,3033
2334,9882
2335,10663
2336,4518
2337,1808
2338,3600
2340,297
2348,14924
2351,19426
2352,12560
2353,9798
2355,9487
2357,666
2359,10162
2360,309
2361,692
2363,1678
2366,244
2367,10730
2371,9749
2373,9626
2375,10466
2376,707
2377,11954
2378,9336
2381,10587
2383,11895
2384,9447
2387,10029
2389,11252
2391,10223
2393,200
2394,9837
2395,11545
2396,1934
2398,11881
2401,8879
2402,1369
2403,1368
2404,1370
2405,10303
2406,9326
2407,10328
2409,1367
2410,1371
2411,1374
2412,1375
2413,15196
2414,11904
2416,15596
2420,1885
2421,8856
2422,10495
2423,5825
2424,9489
2427,8741
2428,9276
2431,10312
2432,9441
2437,11365
2442,46992
2443,825
2447,14709
2450,10658
2454,11815
2455,9426
2459,30497
2460,16337
2463,12151
2467,192
2469,10013
2470,9671
2471,9396
2474,11873
2478,8388
2483,10722
2485,10314
2488,11167
2490,2112
2495,16306
2496,11622
2497,10207
2500,18892
2501,13466
2502,1542
2505,8224
2511,1847
2513,8913
2517,8769
2519,15856
2524,5919
2527,2362
2528,10803
2529,871
2530,1685
2533,1687
2539,9535
2541,796
2542,100
2549,10350
2550,11772
2551,9540
2560,10212
2563,8583
2565,16520
2571,603
2572,4951
2579,11660
2580,9430
2581,11355
2583,9465
2594,1902
2596,6396
2598,12596
2599,9451
2600,1946
2605,1844
2606,6552
2607,24584
2612,3309
2614,28941
2616,8592
2617,564
2618,13852
2622,10210
2624,17962
2628,1893
2633,15849
2639,15660
2640,1924
2641,8536
2642,9531
2643,11411
2644,138
2648,3035
2651,3076
2652,3079
2654,13666
2657,36685
2660,10785
2661,19483
2662,8974
2664,11549
2670,18784
2671,509
2672,1090
2677,11779
2683,817
2686,14283
2687,37135
2690,24137
2691,10376
2692,104
2693,15800
2694,9032
2696,9421
2699,6488
2700,9473
2701,8487
2704,2767
2706,2105
2707,1073
2709,10208
2710,2667
2712,345
2716,620
2717,2978
2718,10490
2719,11618
2721,1812
2722,8914
2723,9824
2724,4806
2726,247
2728,967
2729,802
2730,3175
2731,147
2732,1628
2734,11120
2739,873
2745,11416
2746,10776
2747,24452
2750,30890
2757,3526
2761,10386
2762,745
2763,913
2764,912
2770,11353
2772,9781
2774,18212
2780,29056
2782,28501
2784,25319
2785,29074
2787,10552
2788,9267
2791,813
2792,2665
2793,9406
2794,11418
2795,11153
2797,2280
2803,9944
2804,850
2805,10154
2806,10342
2808,9349
2810,10494
2819,11963
2826,1911
2827,2900
2840,10307
2841,11601
2843,1075
2846,47951
2848,47697
2857,12105
2858,14
2859,24128
2862,9453
2863,704
2866,24153
2867,11797
2871,10669
2872,11527
2877,11326
2881,10398
2882,2290
2888,14429
2890,6415
2901,9638
2905,11712
2908,226
2912,10388
2915,9346
2916,861
2917,14412
2918,9377
2919,11541
2920,2457
2921,11901
2922,4929
2924,11230
2925,8416
2926,11054
2927,851
2929,18254
2931,20123
2932,16642
2933,2593
2935,3086
2936,16305
2937,32255
2940,3767
2941,17352
2942,535
2943,2731
2944,1654
2947,658
2948,657
2949,646
2950,5689
2951,391
2952,8052
2953,772
2959,550
2966,404
2967,42196
2968,36819
2970,9343
2971,16858
2972,42006
2973,11562
2976,8649
2983,15247
2985,5548
2986,5549
2987,856
2989,699
2990,709
2991,253
2993,660
2995,11377
2997,492
3000,128
3002,8672
3005,9481
3006,9008
3007,14242
3008,16129
3011,28145
3015,11223
3016,16281
3018,1694
3019,476
3020,37094
3022,961
3030,11878
3032,11234
3033,957
3034,11886
3037,11040
3038,21849
3039,1621
3044,11498
3046,29371
3052,1832
3053,10047
3054,10228
3060,11663
3061,13485
3062,9289
3066,11165
3067,4203
3068,24226
3070,11379
3071,29154
3072,2039
3074,11943
3075,11481
3076,2690
3077,20565
3079,10399
3081,2668
3082,36643
3083,99
3087,9647
3088,11787
3089,5156
3090,24276
3091,11953
3093,29005
3094,26371
3095,596
3097,20334
3098,11393
3099,31121
3100,293
3101,10998
3102,12235
3104,9013
3105,11005
3107,2924
3108,177
3111,13681
3113,9946
3114,863
3121,41462
3125,20024
3127,13787
3129,9684
3134,777
3146,10402
3147,497
3148,1715
3152,25188
3153,15515
3155,1439
3156,2277
3157,10137
3159,49948
3160,334
3168,624
3171,43103
3173,9563
3174,1850
3175,926
3176,1213
3178,10400
3179,10397
3181,12524
3186,3558
3189,17908
3190,10384
3196,632
3198,5924
3200,14886
3201,26617
3203,10493
3204,16241
3205,27632
3208,9644
3210,13342
3213,14919
3217,22692
3219,2990
3224,16672
3230,21489
3243,10406
3244,14741
3246,1883
3247,2005
3248,6279
3249,11087
3250,7305
3252,9475
3253,8872
3254,8873
3255,11287
3256,9869
3257,619
3258,9374
3259,11259
3260,8293
3261,11068
3262,1923
3263,10158
3264,10206
3265,11782
3266,10086
3267,9367
3268,9876
3269,10326
3270,16562
3271,9609
3272,12143
3273,4234
3275,8374
3285,1907
3296,25934
3298,14181
3300,2787
3301,2069
3306,28978
3307,901
3310,10098
3316,2155
3317,11004
3328,4816
3330,28569
3334,11016
3338,20423
3341,24481
3342,11296
3347,14280
3350,29478
3354,2067
3355,622
3358,12186
3359,20283
3360,5693
3361,287
3362,968
3363,838
3364,16958
3365,3114
3371,42232
3379,35412
3384,8333
3386,820
3388,8989
3396,11176
3397,14900
3398,11899
3408,462
3409,9532
3412,2383
3415,1396
3418,1541
3420,17443
3421,8469
3422,27995
3424,925
3429,54825
3435,996
3438,1498
3439,1497
3440,1499
3441,1880
3447,36652
3448,801
3450,11520
3451,1879
3452,2085
3461,9960
3462,3082
3466,12187
3467,24748
3468,990
3469,1908
3470,9764
3471,840
3472,39890
3475,25673
3476,2291
3477,13531
3478,16620
3479,526
3480,13346
3481,243
3483,10501
3489,879
3494,17529
3498,11327
3499,1700
3503,593
3504,10774
3505,10083
3507,11356
3508,10747
3510,10559
3513,10479
3519,17339
3521,11305
3524,13665
3526,1552
3527,106
3529,11027
3534,10468
3535,1359
3536,4967
3543,13776
3545,10784
3546,10242
3548,16347
3549,4825
3550,11654
3551,10518
3552,11977
3555,3536
3556,1443
3565,10564
3566,15723
3569,452
3576,12476
3578,98
3581,11129
3593,5491
3594,10560
3598,10688
3606,31516
3608,5683
3615,10567
3617,9285
3621,21484
3623,955
3624,8584
3627,16093
3629,962
3633,668
3634,23518
3635,691
3638,698
3639,682
3645,499
3646,9600
3652,24920
3654,10911
3668,6003
3671,11072
3675,13368
3676,985
3677,14002
3679,21137
3681,938
3682,10648
3683,11368
3684,10875
3685,2075
3686,1551
3688,10246
3693,15239
3696,15762
3697,169
3698,865
3699,9663
3701,10128
3702,9659
3703,8810
3704,9355
3705,1727
3706,635
3707,10068
3717,9679
3720,17771
3723,10264
3724,31657
3726,17814
3727,11879
3729,482
3730,592
3735,9040
3736,25364
3739,195
3740,6978
3741,3133
3742,643
3744,479
3745,7450
3751,7443
3752,2123
3753,2024
3755,2133
3760,11598
3761,9702
3783,12706
3785,4247
3786,20770
3788,1052
3789,20540
3791,1788
3793,36657
3798,2655
3801,93
3802,9278
3808,24167
3809,10276
3811,13783
3813,15867
3814,11686
3819,11830
3822,10401
3825,6282
3826,9383
3827,5551
3831,2360
3836,11589
3840,26515
3843,13567
3844,10860
3847,20850
3849,27452
3852,20438
3854,2211
3858,14195
3861,10393
3863,8843
3868,37136
3869,37137
3871,3110
3872,14698
3882,1588
3893,10480
3896,1619
3897,786
3910,16
3911,13785
3915,19348
3916,10637
3917,9003
3918,9064
3925,469
3927,2161
3929,911
3930,10973
3932,10787
3937,9507
3947,1485
3948,1597
3949,641
3952,6521
3959,2134
3964,13465
3967,71
3968,1636
3969,10647
3970,19204
3972,12207
3977,4327
3978,4958
3979,9678
3980,11978
3981,8870
3983,14295
3984,681
3985,11372
3986,8452
3988,8871
3992,10867
3993,10876
3994,9741
3996,146
3997,11849
4002,2609
4005,708
4006,1857
4007,10673
4008,2604
4011,107
4014,392
4015,8859
4016,11688
4017,12509
4018,3981
4019,711
4020,2046
4022,8358
4023,5994
4025,1493
4027,134
4029,21991
4030,10577
4033,11973
4034,1900
4036,10873
4037,26719
4039,15739
4041,2623
4043,13715
4047,10655
4052,9989
4054,9816
4056,5955
4064,22021
4065,22048
4068,16723
4069,2018
4082,10937
4084,96
4085,90
4086,11028
4090,19933
4091,12919
4095,12506
4102,17159
4103,10110
4105,764
4121,2614
4124,580
4128,1547
4133,11649
4135,13509
4142,37302
4144,843
4148,9740
4155,1921
4161,6073
4178,51802
4184,19490
4186,1888
4187,38805
4189,2428
4190,22013
4195,17965
4203,2453
4210,11454
4211,38718
4212,4192
4214,14052
4218,21309
4220,4985
4223,853
4225,5257
4226,77
4232,10054
4234,2575
4235,55
4238,2043
4239,4133
4241,10991
4246,634
4247,10956
4248,19366
4251,9519
4255,13166
4259,52654
4262,111
4270,1734
4274,8095
4276,27223
4280,11307
4282,11163
4291,19494
4292,40842
4296,9062
4298,934
4299,9476
4306,808
4308,824
4310,676
4321,1406
4322,13554
4326,1632
4327,966
4329,301
4333,11896
4334,25538
4338,15497
4339,21876
4342,21056
4343,9397
4344,9705
4345,26475
4347,29937
4349,10364
4350,32458
4351,1089
4356,759
4357,10297
4359,10653
4361,9576
4366,10865
4367,1995
4369,9799
4370,644
4378,11826
4380,9301
4381,11444
4383,60670
4387,2140
4388,4248
4389,17612
4390,3134
4396,11286
4403,23439
4404,10728
4406,11697
4407,6106
4410,11300
4419,43316
4422,10238
4426,18030
4427,18988
4429,10339
4432,976
4437,11906
4438,11713
4440,12481
4443,10540
4444,9462
4446,2114
4447,8835
4448,11371
4450,9517
4454,36107
4464,31052
4465,10868
4467,14506
4474,15592
4487,7520
4489,9602
4499,10141
4506,10675
4508,10130
4515,26723
4519,12144
4533,10925
4535,24266
4537,18197
4541,11503
4545,2605
4546,8740
4552,41428
4553,8337
4555,8463
4557,28176
4558,9493
4562,12582
4565,12500
4571,1648
4612,4486
4614,10222
4616,14621
4621,9494
4623,9942
4624,8216
4626,24739
4638,331
4640,327
4641,1548
4642,13403
4643,869
4649,2171
4654,10135
4655,32767
4658,19236
4661,12150
4673,9618
4677,6951
4678,11959
4679,2616
4699,2057
4700,9880
4701,5175
4703,41951
4705,4484
4713,11542
4718,2770
4720,1933
4725,10972
4728,9896
4734,2294
4735,10016
4741,742
4744,8922
4754,16307
4769,58062
4776,2034
4783,32567
4785,9028
4786,16180
4789,27327
4795,30295
4798,22874
4799,11576
4802,9660
4809,12502
4811,10373
4814,12103
4815,11313
4816,9398
4823,9778
4833,13550
4835,16769
4840,1716
4844,3172
4845,17708
4846,12780
4847,570
4848,1018
4855,984
4857,14811
4863,14267
4865,768
4866,2100
4873,9081
4874,167
4876,9378
4878,141
4880,11457
4881,10778
4886,585
4887,10796
4888,23949
4889,11088
4890,9889
4896,671
4901,1535
4902,1433
4903,1999
4912,16085
4914,269
4920,32847
4928,5781
4932,11033
4936,3537
4939,8738
4941,3604
4945,10649
4947,17689
4951,10847
4957,10650
4958,8007
4963,161
4966,31682
4967,8342
4969,4886
4973,194
4974,11397
4975,1903
4976,11889
4978,9523
4979,9428
4980,1649
4981,11938
4989,8386
4992,11232
4993,120
4994,11086
4995,453
4998,11414
5002,12593
5004,10794
5008,37257
5009,8489
5010,855
5012,10269
5013,5279
5014,10950
5015,1365
5016,6440
5017,14580
5021,6037
5025,11857
5026,6312
5034,18317
5038,27273
5039,848
5040,9610
5046,4965
5047,11891
5049,150
5051,112
5054,15050
5055,10423
5056,11710
5060,651
5062,20620
5064,11362
5065,2637
5066,10229
5068,12659
5069,68149
5072,9606
5093,9884
5103,11528
5105,931
5106,17130
5107,10592
5108,8470
5110,39939
5119,37230
5120,993
5121,11698
5128,11979
5135,480
5146,15999
5147,614
5151,2752
5152,10590
5159,13225
5163,20465
5165,7219
5171,2135
5177,965
5184,10935
5194,17909
5198,14807
5218,425
5219,1576
5222,15647
5225,1391
5250,21629
5254,36586
5265,9275
5266,4547
5267,14635
5269,1791
5282,11560
5283,11452
5288,26851
5291,548
5292,11590
5293,1537
5294,12149
5296,11812
5298,441
5299,8346
5303,2565
5304,307
5312,11892
5313,9334
5316,10491
5319,18079
5323,11470
5329,11468
5339,28384
5341,27094
5349,557
5363,10985
5364,2251
5367,11240
5377,245
5378,1894
5379,4012
5380,9026
5382,15417
5385,13963
5388,320
5389,9023
5391,17734
5400,4614
5410,811
5415,9583
5418,2501
5419,9637
5420,12100
5421,16857
5425,15813
5433,17898
5434,21635
5444,11544
5445,180
5446,9555
5449,2022
5452,11982
5459,608
5463,6278
5464,4147
5470,20324
5475,2721
5476,11442
5477,1364
5478,8869
5479,8665
5481,818
5489,6404
5498,3780
5500,8764
5501,13908
5502,2675
5504,9488
5505,9962
5507,7451
5508,2750
5515,34070
5516,6173
5525,3640
5528,9357
5530,9296
5540,10323
5541,9595
5564,20616
5569,15516
5570,9299
5574,4108
5577,9685
5585,32685
5588,12262
5602,5506
5603,32961
5604,32568
5606,22244
5607,19460
5608,575
5611,9093
5612,9039
5613,1958
5617,11013
5618,129
5620,11529
5628,2110
5630,9533
5632,4107
5633,10575
5642,33831
5649,11868
5666,1809
5668,10994
5669,1430
5673,8051
5679,565
5682,15192
5686,16646
5690,12477
5692,19403
5693,11009
5705,15668
5712,11644
5715,24124
5747,11646
5772,25468
5782,1672
5784,9645
5785,9012
5788,12454
5791,1360
5792,13441
5796,12208
5797,11905
5804,9021
5809,9280
5810,65
5812,10712
5816,672
5820,30192
5825,25037
5832,29229
5833,11880
5853,9538
5867,11524
5872,36669
5876,8198
5878,64
5881,2103
5882,9016
5888,20992
5890,6007
5891,25239
5893,25284
5899,14433
5902,2757
5903,7299
5909,4241
5932,42124
5942,11852
5944,201
5945,2755
5952,121
5954,1429
5955,13435
5956,3131
5957,2642
5959,11022
5962,2149
5963,20139
5965,19067
5970,4032
5971,8392
5975,11706
5980,16938
5989,640
5991,1574
5992,590
5995,423
6001,262
6003,4912
6016,598
6021,11222
6023,8073
6051,7514
6058,9358
6059,1647
6062,21189
6063,10894
6093,10150
6101,15600
6104,11949
6122,21923
6123,1563
6140,29702
6155,9919
6156,6038
6157,9480
6159,13132
6163,12112
6184,991
6185,4911
6187,11615
6188,11635
6192,102
6193,14293
6197,9613
6213,9567
6214,979
6215,13819
6216,1591
6218,455
6222,16229
6223,12079
6229,27236
6235,8996
6238,12157
6239,11571
6242,2671
6250,6171
6254,14675
6260,29912
6263,10782
6264,9341
6266,10735
6270,12516
6271,1675
6273,17057
6281,1817
6283,11299
6286,7294
6287,9506
6290,2662
6291,12093
6294,11817
6296,13370
6297,8326
6299,11516
6301,994
6303,10514
6305,1714
6316,24961
6322,10743
6323,2832
6329,15098
6331,16636
6333,36658
6341,22958
6344,10989
6345,1816
6350,10515
6357,11424
6365,604
6367,10720
6370,1555
6371,33875
6373,310
6377,12
6378,9654
6379,9902
6380,2260
6383,584
6385,1088
6395,29425
6405,6646
6422,21027
6433,26317
6436,8092
6440,290
6441,11463
6450,37103
6460,3009
6483,31246
6502,170
6503,9471
6509,216
6530,11482
6533,6949
6534,1927
6535,10327
6537,296
6538,302
6539,22
6541,8698
6542,554
6545,17920
6548,8961
6550,9486
6552,3472
6558,11894
6564,1996
6565,4464
6566,12279
6567,9104
6579,430
6586,8273
6591,8094
6593,10330
6595,9257
6609,24192
6611,833
6615,6466
6617,2055
6618,11770
6620,2771
6629,18573
6630,37451
6636,8992
6639,11206
6643,18148
6645,636
6650,11898
6658,9051
6659,9362
6660,19542
6662,936
6663,12268
6664,10999
6666,4593
6668,12276
6669,3782
6672,12722
6678,20815
6679,19433
6683,513
6684,6619
6707,11547
6708,7270
6709,1428
6711,153
6713,33320
6724,11293
6731,8408
6744,19064
6750,10739
6753,13156
6754,277
6755,9707
6764,10159
6765,10934
6768,5653
6770,20
6773,9662
6774,837
6776,19666
6777,821
6780,1358
6783,776
6785,16563
6787,891
6790,10881
6791,11832
6796,650
6800,9874
6803,29161
6807,4543
6808,11046
6818,25237
6820,9871
6852,18900
6856,3087
6857,14282
6858,11502
6863,1584
6867,2056
6870,322
6872,11059
6873,11775
6874,24
6879,11329
6880,9373
6881,1550
6883,28200
6885,10944
6888,4256
6889,10009
6890,1807
6893,10536
6896,42044
6902,20312
6910,18979
6920,11657
6927,10922
6932,13537
6934,605
6935,33222
6936,10719
6942,508
6944,11846
6947,8619
6951,10588
6952,4970
6953,470
6954,11042
6957,10147
6959,9562
6961,11012
6963,30068
6966,9556
6967,13581
6970,24203
6971,9065
6975,10234
6978,14022
6979,860
6981,48035
6983,22744
6984,17831
6985,780
6986,31510
6987,234
6990,11583
6993,5143
6995,5227
6997,10410
7000,9292
7001,11850
7004,951
7007,9319
7008,1643
7011,8047
7013,3112
7016,1825
7018,11092
7020,14904
7022,3176
7023,9261
7024,5336
7025,23908
7029,29437
7034,11634
7036,11824
7042,11986
7044,483
7045,10166
7046,6069
7056,17687
7060,12545
7063,2000
7064,648
7065,618
7068,4024
7069,11316
7070,3089
7071,29845
7072,995
7073,1594
7075,11839
7076,916
7079,31685
7080,3062
7084,11610
7087,15927
7089,7857
7090,79
7091,13912
7096,30140
7099,81
7101,11821
7102,10023
7104,11519
7111,38953
7115,20126
7116,827
7118,20043
7121,25431
7123,2742
7124,22010
7128,3596
7130,24134
7132,37719
7134,9063
7135,1818
7137,10744
7139,10511
7141,22289
7142,10028
7143,616
7147,587
7149,6964
7151,3635
7153,122
7154,11820
7155,8696
7156,12698
7158,11093
7160,504
7161,11007
7162,2289
7163,9620
7164,10601
7173,5966
7181,30080
7194,1937
7206,427
7209,778
7215,22584
7217,16227
7223,18995
7225,5205
7228,14239
7234,405
7235,9696
7236,4917
7241,29933
7247,11708
7254,1954
7255,13476
7256,11194
7260,15708
7263,14292
7265,1278
7266,18841
7285,11023
7293,1824
7297,11083
7300,11951
7303,2576
7307,12775
7311,42852
7317,9352
7318,615
7323,338
7324,2023
7325,9384
7327,797
7335,25955
7338,43323
7346,10591
7347,1586
7348,11169
7360,924
7361,38
7362,11081
7364,16941
7365,1720
7366,9541
7367,5516
7371,553
7373,1487
7375,11137
7376,11358
7377,13573
7380,14442
7382,25300
7386,6844
7387,923
7396,133919
7419,10843
7438,393
7439,7220
7442,237
7444,10096
7445,9509
7450,11141
7451,10625
7454,7131
7456,30125
7458,652
7459,8440
7460,883
7474,34377
7481,11864
7482,9461
7484,132
7485,28276
7486,18329
7487,17993
7493,28285
7505,22137
7560,502
7564,30959
7566,20561
7569,667
7570,700
7572,26976
7573,36670
7579,43818
7581,24650
7584,20640
7585,50363
7587,5511
7614,13936
7615,294
7616,11507
7618,10435
7619,1162
7669,164721
7698,988
7700,204
7701,9356
7702,32430
7706,13913
7713,25508
7714,18978
7728,25736
7743,9872
7745,19552
7748,2786
7749,8075
7757,11533
7759,1394
7766,3777
7767,11659
7771,10604
7773,16876
7792,17365
7802,11474
7817,4923
7820,11656
7827,10133
7831,14589
7834,14588
7836,9459
7845,11069
7883,27130
7889,11577
7891,21159
7894,336
7896,36206
7897,23330
7901,30137
7924,30368
7925,1059
7926,12493
7932,14273
7934,11030
7937,11506
7938,29455
7939,11602
7940,29453
7941,11700
7943,14638
7976,7090
7980,5902
7981,10775
7982,4552
7984,14510
7991,13282
8014,113
8016,5916
8033,3001
8042,203
8094,14554
8125,631
8128,1786
8132,16219
8147,29146
8153,29592
8154,439
8157,823
8167,16905
8189,2546
8191,22522
8195,5165
8197,5544
8199,14696
8206,32652
8207,4909
8225,19185
8228,28257
8235,22596
8239,4497
8253,15371
8254,11044
8256,31526
8257,31623
8261,41662
8264,17346
8266,13763
8268,10498
8295,1994
8327,870
8330,25495
8332,45938
8334,15573
8337,10178
8338,16391
8340,10734
8341,10949
8360,809
8361,435
8366,13193
8368,673
8369,16617
8370,246
8371,2789
8372,8920
8373,9890
8376,8193
8401,17481
8405,18333
8459,28571
8464,9372
8477,662
8482,16559
8491,15794
8492,13188
8493,12651
8494,886
8501,9542
8507,136
8512,10970
8516,28162
8521,3019
8526,10204
8528,9472
8529,594
8530,8981
8531,12153
8533,11036
8542,11939
8578,8991
8580,23378
8581,3293
8582,36947
8591,10606
8596,6081
8604,2330
8607,13398
8614,10780
8618,26596
8620,29264
8622,1777
8623,11584
8633,11884
8636,558
8638,80
8640,9477
8641,8699
8643,11247
8644,2048
8645,436
8656,10754
8662,43443
8665,2502
8666,314
8667,18923
8670,12206
8675,15876
8684,15244
8690,24559
8711,32294
8718,62694
8738,31522
8740,26893
8751,18671
8754,5179
8765,16703
8772,13580
8781,14462
8783,6947
8784,401
8796,17768
8797,27375
8798,1538
8800,2577
8807,11282
8808,11130
8809,14389
8810,395
8833,11632
8836,11208
8838,16153
8848,12548
8860,9759
8861,1577
8865,5137
8866,11823
8870,10145
8873,1653
8874,747
8879,4176
8905,1492
8906,8689
8907,10555
8910,1599
8912,11045
8914,14337
8916,4380
8917,3989
8920,2438
8923,11121
8928,3053
8930,12456
8937,13416
8939,11099
8947,1970
8948,8849
8949,9675
8950,4553
8951,11109
8957,176
8958,1677
8959,10740
8961,9806
8965,5255
8966,11184
8969,9801
8970,866
8972,2059
8973,140
8974,11836
8977,1966
8978,13673
8981,2288
8983,9550
8984,163
8985,36648
9010,8424
9018,18889
25750,992
25753,1405
25755,964
25763,905
25764,31411
25769,25768
25771,626
25773,27899
25777,13911
25788,877
25793,779
25805,43904
25826,31773
25827,24807
25828,17030
25834,16515
25850,16274
25855,37698
25856,3084
25865,17801
25866,26201
25868,29884
25870,38914
25911,17136
25923,14320
25927,20246
25940,3766
25954,4558
25963,800
25993,13457
25996,3111
26003,803
26007,36439
26052,690
26064,31589
26078,17185
26082,14537
26084,13671
26085,11085
26094,21135
26101,15263
26111,15421
26113,37315
26116,10299
26122,3763
26131,17295
26133,13187
26138,24395
26139,37921
26150,895
26151,20108
26152,2661
26158,789
26159,45706
26163,135
26171,10227
26172,26039
26178,5767
26184,20873
26203,14801
26208,48831
26231,26606
26237,2998
26241,31767
26242,839
26246,16328
26249,9394
26252,36850
26258,13041
26259,40732
26269,41471
26285,1410
26294,9474
26326,8327
26349,32042
26350,9652
26359,3870
26366,33324
26375,11558
26386,12535
26395,16378
26398,11935
26422,10654
26471,15251
26476,11948
26479,15716
26492,15301
26524,33138
26547,9056
26550,27064
26554,10176
26555,9080
26578,24657
26587,37452
26599,4043
26606,30421
26629,16296
26631,18917
26662,16859
26680,9768
26704,1662
26713,18311
26729,4539
26776,11621
26819,12088
26840,7500
26865,17809
26903,37797
26947,2061
26974,18415
27020,14533
27033,22140
27109,2487
27156,18491
27178,3716
27193,2332
27266,844
27317,11075
27366,23160
27368,2899
27391,19448
27397,2440
27402,10836
27423,40096
27482,437
27491,27324
27523,11178
27584,11427
27592,4689
27608,5552
27618,10077
27647,26491
27660,55931
27664,12703
27674,9282
27700,11197
27706,11774
27716,4972
27721,2841
27722,11606
27727,363
27728,12140
27731,15370
27741,12496
27772,11838
27773,670
27788,9667
27790,13373
27800,11049
27801,9316
27803,1913
27808,2539
27815,5528
27816,10105
27821,179
27822,83
27831,4836
27834,11190
27838,12281
27839,10320
27846,11420
27850,3396
27866,1126
27869,11658
27871,20544
27873,11401
27878,1392
27899,8357
27904,3509
27905,11662
27912,13372
30707,70
30712,31713
30749,205
30793,118
30803,1280
30810,421
30812,2567
30816,9833
30820,9692
30822,1901
30825,693
30846,842
30848,9953
30850,11162
30867,26275
31116,16442
31150,16220
31184,11633
31193,13716
31221,9947
31225,7214
31270,27429
31364,11423
31408,342
31410,613
31420,8978
31427,11096
31435,31165
31437,2517
31522,661
31545,29259
31617,16638
31658,4935
31660,8953
31685,8488
31687,13682
31689,12228
31694,57825
31696,561
31770,19119
31785,18279
31804,3040
31854,42641
31878,9470
31921,29578
31923,2926
31952,5204
32017,10022
32019,4551
32025,26
32029,2026
32031,9928
32139,36815
32179,1093
32213,438
32291,9688
32296,10040
32300,540
32387,19884
32460,158
32562,21131
32582,17592
32584,17113
32587,187
32596,7364
32598,11431
32657,49565
32792,26638
32840,32085
32844,43824
32892,31442
32898,775
33004,7453
33036,20187
33072,43003
33085,10065
33138,13073
33145,8976
33154,13020
33158,11679
33162,1495
33164,10066
33166,1640
33171,11171
33288,13384
33358,24078
33437,10027
33493,1895
33499,4379
33585,27
33615,953
33646,9291
33649,19316
33660,921
33669,9779
33672,9787
33679,787
33683,10226
33725,12109
33779,13589
33794,272
33815,15648
33817,9709
33834,11683
33836,9722
33838,2287
33880,1382
33896,33908
33903,276
34048,74
34072,1667
34111,13014
34143,9009
34150,9738
34153,14278
34162,9522
34198,1826
34271,10476
34292,11309
34319,1635
34321,13341
34323,1696
34332,11459
34334,10048
34336,11648
34338,15258
34405,16320
34437,308
34520,6519
34523,13919
34528,1444
34530,11453
34532,9913
34534,8292
34536,13922
34540,14166
34542,501
35347,11848
35836,6957
35957,11460
36276,445
36363,20874
36401,4442
36509,9042
36517,1985
36519,9335
36525,9007
36527,9777
36529,1830
36535,340
36537,1546
37240,14286
37380,8814
37382,9923
37384,7553
37386,8202
37475,1947
37495,16133
37720,8643
37727,9315
37729,3933
37731,8923
37733,59
37736,257
37739,15487
37741,398
37830,647
37853,11968
37855,27176
37857,14517
38038,533
38061,5236
38095,11344
38159,31056
38304,19082
38320,46315
38538,15058
38600,10475
38798,11931
38886,10707
38992,9910
39183,142
39231,9621
39234,9701
39292,3291
39381,16608
39414,2610
39419,9729
39427,8066
39435,1656
39444,6963
39446,215
39449,2313
39869,1951
39886,16022
40148,10851
40278,25
40339,9982
40412,12877
40414,11661
40581,10033
40583,231
40614,8999
40629,4348
40723,9885
40732,9392
40815,674
40819,69
40826,1833
40851,6795
40870,11421
40946,16156
40955,1420
40959,9005
40962,13499
40966,7548
41014,20345
41226,42489
41285,116
41527,67
41566,411
41569,254
41571,1904
41573,9043
41585,21454
41627,27031
41716,9515
41721,16151
41863,8053
41997,612
42002,9899
42004,546
42007,2800
42011,7552
42013,9927
42015,9681
42018,10773
42094,4495
42163,22975
42197,9687
42217,20530
42418,11400
42632,4550
42718,10045
42721,168705
42723,1690
42725,9900
42728,9044
42730,9918
42732,17379
42734,10982
42738,834
42958,16553
43333,7509
43376,2117
43396,9912
43460,8435
43560,11283
43679,9286
43744,1544
43832,20981
43836,12096
43871,9754
43914,14256
43917,9036
43919,10073
43921,7304
43928,9920
43930,10025
43932,9682
43936,2207
44004,6877
44022,950
44191,752
44193,9655
44195,9388
44199,388
44204,868
44397,9792
44555,582
44633,13222
44665,186
44694,219
44709,13751
44759,3093
44761,9270
44788,16070
44828,9035
44840,9957
44849,9389
44929,4441
44937,11490
44972,4257
44974,2652
45003,17111
45028,9526
45062,5820
45081,588
45183,8982
45186,956
45208,9530
45210,9829
45221,10115
45431,7518
45440,9786
45442,503
45447,591
45499,36668
45501,9767
45503,13689
45517,920
45635,15402
45662,806
45666,9353
45668,2044
45672,9339
45720,350
45722,58
45726,1819
45728,2295
45730,9697
45732,4474
45880,1887
45928,13508
45950,1781
46062,10947
46322,7549
46335,9615
46347,20604
46530,1452
46578,773
46723,1164
46772,13141
46850,35199
46855,15383
46948,9297
46965,326
46967,512
46970,9718
46972,1593
46974,1852
46976,1262
47044,82
47099,1402
47122,9293
47152,51857
47200,1948
47202,148
47254,5289
47382,9762
47394,15049
47404,21712
47423,7859
47465,11559
47491,1023
47518,9788
47610,1491
47629,1165
47640,9988
47644,11652
47810,9708
47830,9813
47894,1116
47937,5072
47950,1249
47952,9954
47970,7511
47997,7512
47999,1776
48043,1381
48082,300
48142,9676
48161,9766
48165,32761
48231,15742
48304,1579
48322,12094
48326,1717
48342,15624
48385,496
48394,1417
48412,4643
48414,7484
48516,1422
48520,9794
48543,8332
48560,7510
48593,9895
48598,9672
48600,15005
48660,86
48678,10070
48682,13209
48696,1440
48698,13364
48711,18925
48738,1523
48744,1378
48774,9693
48780,1124
48783,3683
48856,8194
48872,6077
48877,214
48982,11619
48997,1427
49013,13767
49130,9726
49220,14799
49225,29044
49265,8588
49272,36557
49274,9836
49278,7551
49284,2357
49286,1581
49312,313
49314,7873
49347,8324
49396,2179
49422,15152
49524,2447
49526,10032
49528,9796
49530,1372
49649,2486
49651,1246
49666,18615
49772,14202
49793,11170
49822,1247
49824,1125
49856,8436
49910,1646
49917,58923
49932,1730
49957,8618
49961,1259
50005,1494
50011,13318
50064,182
50068,1251
50160,13967
50183,19344
50274,13771
50442,7457
50514,3549
50594,46919
50601,1265
50641,25623
50685,10758
50792,13668
50794,7516
50796,10075
50798,9760
50802,1257
50804,1248
50842,5206
50851,14761
50872,2062
50912,2266
50954,37725
51037,9828
51077,1250
51080,4169
51084,11172
51086,3594
51091,7874
51127,22485
51255,4638
51277,11841
51412,1738
51471,15163
51540,1949
51575,11199
51662,1271
51678,18019
51694,14055
51698,2267
51705,6691
51709,1255
51834,2977
51884,16727
51925,9963
51927,14001
51931,2355
51935,7485
51939,1273
52042,9075
52241,8270
52245,9955
52281,253768
52287,1267
52319,22311
52328,1272
52435,13377
52458,8271
52462,13158
52579,1407
52604,6145
52606,9843
52644,10294
52694,1268
52712,9785
52722,559
52806,37933
52885,4977
52950,2269
52952,11798
52967,1919
52973,4964
52975,2976
53000,1562
53024,36676
53121,810
53123,5723
53125,285
53127,12526
53129,3432
53138,14208
53140,14207
53161,5488
53189,8748
53207,3489
53318,12225
53322,298
53435,1691
53447,1990
53460,9408
53464,1979
53468,10288
53519,1991
53550,9952
53769,13120
53887,42464
53894,2359
53921,1988
53953,3021
53956,2196
53972,1571
53974,2959
53993,2698
53996,1858
54001,675
54004,3563
54190,4688
54256,10074
54259,2270
54272,35
54276,3638
54281,8669
54286,2503
54290,14123
54372,10795
54503,8363
54513,6535
54648,5174
54732,9750
54736,4349
54745,13068
54771,4858
54775,10431
54780,12435
54785,2082
54787,11835
54796,1845
54881,13958
54910,10961
54962,12994
54995,1992
54997,5176
54999,4141
55052,4347
55067,523
55069,2009
55080,4413
55094,6973
55098,7913
55118,2252
55156,30365
55167,13754
55176,14284
55232,7737
55245,10030
55247,5915
55253,4588
55267,7211
55269,4538
55272,2001
55274,4517
55276,4566
55278,4520
55280,6615
55282,4513
55284,5125
55286,3877
55290,4771
55363,4512
55442,2011
55444,5708
55451,5951
55553,3603
55555,2014
55577,663
55721,7347
55732,5126
55765,4982
55768,5559
55805,7972
55814,2013
55820,6977
55830,4953
55872,5123
55895,18612
55901,5817
55908,13363
55946,4515
55995,2310
55999,2284
56003,4723
56015,21296
56079,13168
56093,20714
56145,5876
56152,4523
56156,1620
56169,13483
56171,2268
56174,6479
56286,3902
56333,8272
56339,6537
56367,7326
56389,1989
56563,13348
56587,7350
56607,7979
56671,9867
56715,13198
56757,13885
56775,6637
56782,7345
56788,6538
56801,440
56805,6575
56885,14047
56941,6023
56949,6557
57183,7508
57243,5259
57274,8329
57326,2312
57368,7191
57502,25078
57504,14069
57526,8090
57528,7555
57532,7278
57640,11253
57669,8321
57772,53094
57910,13121
57951,8676
58025,8247
58047,8390
58078,13641
58103,7461
58105,8204
58154,12184
58156,13260
58162,7942
58191,13362
58293,7840
58295,8848
58297,13460
58299,12222
58301,8461
58303,7862
58306,12246
58315,12177
58332,13025
58334,2239
58347,7985
58376,13016
58425,14793
58490,12178
58554,28205
58559,155
58627,8456
58803,8065
58839,4942
58964,13312
58972,10488
58975,11152
58998,9870
59016,1266
59018,12473
59022,13335
59026,8827
59037,7459
59103,1729
59118,10503
59126,13007
59141,13258
59220,7861
59256,13018
59258,8780
59295,13359
59315,1726
59333,10761
59336,12400
59369,8681
59387,14784
59418,13008
59421,9029
59501,2454
59519,12197
59549,17483
59594,13191
59604,15356
59615,217
59709,12245
59725,4564
59727,10665
59729,10822
59731,13636
59738,9022
59784,9502
59900,10661
59985,12912
59995,14748
60037,8645
60040,1724
60069,10681
60072,8909
60074,8960
60126,11665
60128,13019
60137,22905
60291,13003
60293,13990
60333,12172
60363,13009
60397,11631
60408,8265
60487,13353
60514,88751
60516,11260
60530,10818
60566,14898
60609,16007
60647,6687
60684,13183
60753,13012
60756,12133
60758,12568
60760,8836
60766,14048
60937,1735
60941,10185
60943,10183
60948,13996
60950,5038
61024,10189
61026,12289
61073,13300
61075,11671
61132,7446
61160,12180
61236,8885
61240,13310
61248,10483
61250,12620
61255,10186
61262,13515
61323,4944
61350,9381
61352,13291
61401,8285
61646,3865
61729,12797
62049,1984
62081,13027
62113,13092
62155,12182
62203,9539
62250,8882
62265,13401
62293,12783
62344,14976
62374,12113
62376,13600
62394,13051
62434,10358
62437,10523
62439,13596
62511,4960
62553,12837
62577,14914
62644,7735
62733,13812
62792,13150
62801,41474
62849,13809
62912,11887
62999,10527
63033,8338
63062,3580
63072,20766
63082,12405
63113,10764
63131,15373
63181,16061
63189,16166
63222,13672
63393,13655
63433,13905
63436,11917
63479,13523
63676,29452
63808,8841
63826,13220
63853,6972
63859,13053
63876,10139
63992,8966
64030,13387
64032,12193
64034,14574
64037,10900
64114,14438
64116,14248
64197,10360
64229,14299
64231,13056
64278,34283
64285,14447
64497,10200
64499,8881
64501,8880
64575,14359
64614,13223
64620,11499
64622,8055
64695,13980
64716,11321
64839,12163
64957,4922
64969,10201
64983,2253
64993,38142
65037,6936
65088,10202
65126,13973
65130,4148
65188,15584
65216,13813
65225,13180
65230,14306
65261,12429
65418,8942
65465,16409
65514,14756
65577,10199
65585,10521
65588,26235
65601,14435
65612,52886
65642,14139
65682,12437
65685,2309
65802,14560
65868,14353
65882,14254
65982,10529
66090,13510
66097,14836
66130,15003
66152,24194
66171,13455
66198,4959
66200,10362
66203,10184
66371,16804
66509,20829
66665,19255
66691,14979
66783,13207
66785,15067
66934,14301
67087,16538
67186,18781
67197,13811
67255,15472
67267,13090
67408,15512
67429,20529
67508,6968
67665,18094
67695,16991
67734,16614
67788,20048
67799,16258
67867,14164
67923,13804
67997,19833
68073,18947
68135,16996
68157,16869
68159,16995
68194,21641
68205,15092
68237,17431
68269,18320
68319,2080
68324,17680
68347,21191
68358,13475
68486,15384
68519,17532
68522,10946
68554,13448
68650,17740
68659,13532
68791,534
68793,18360
68835,19375
68848,21755
68932,17332
68941,18405
68952,16871
68954,14160
68963,16899
69122,18785
69134,17609
69253,14536
69275,14451
69278,18162
69306,18487
69324,8883
69394,33409
69406,18240
69436,17610
69481,12162
69526,8373
69529,62320
69574,19079
69604,19265
69606,12556
69640,11322
69644,8355
69712,10024
69757,19913
69784,18480
69805,14728
69844,767
69951,8054
70159,21208
70183,20943
70206,21407
70208,12403
70286,17654
70293,24803
70305,13836
70336,14869
70451,13752
70533,15137
70567,22051
70599,24420
70728,18533
70862,22492
70994,24150
71033,25376
71057,12244
71106,22494
71108,37903
71129,17445
71131,63581
71135,19898
71156,10313
71205,19994
71211,11323
71248,12569
71252,19912
71254,18501
71264,22794
71282,18570
71304,22536
71327,29963
71379,23827
71429,20178
71450,22074
71462,23128
71464,12573
71466,28053
71484,36800
71500,23202
71518,22798
71520,23082
71530,19959
71535,19908
71573,22787
71579,24684
71619,11156
71668,19899
71670,23706
71700,23966
71745,16523
71838,22803
71902,19918
72011,22947
72104,44338
72165,24418
72167,22821
72171,24804
72226,10315
72294,17979
72356,24480
72378,14161
72380,22825
72386,8088
72393,22824
72395,25793
72405,11699
72407,18239
72479,28089
72489,22832
72605,7445
72641,22881
72694,22640
72701,16866
72720,34653
72731,7980
72733,22954
72737,10198
72919,24438
72980,25968
72998,19995
73015,22897
73017,10528
73023,25196
73168,25769
73211,23963
73266,22327
73268,19901
73290,28178
73319,25195
73321,20504
73323,33613
73344,21575
73808,13855
73854,13382
73881,20453
73929,22894
74152,16453
74154,13477
74156,12201
74228,26466
74275,8952
74370,25983
74416,24469
74450,32856
74452,7978
74458,11324
74488,38448
74508,13949
74510,24253
74530,32657
74532,23742
74545,11439
74553,26963
74624,26428
74677,18489
74685,29427
74688,22971
74698,23023
74727,20871
74731,14235
74740,5595
74750,10664
74754,17473
74789,12155
74791,40623
74795,22972
74851,26389
74868,23488
74916,27583
74944,26390
74946,34016
74948,25941
75341,23169
75395,44363
75425,29426
75805,27573
75813,12834
75985,31867
76077,23048
76079,28211
76091,30018
76093,10191
76111,37181
76173,27936
76175,18823
76210,34769
76251,23483
76293,35056
76738,52903
76763,27586
77191,34803
77201,37861
77206,33217
77240,41110
77307,38810
77364,34813
77414,35690
77421,39053
77427,37169
77455,39452
77540,32985
77561,10138
77667,37931
77795,34069
77798,23437
77800,37495
77837,36950
77843,38542
77846,12219
77854,37106
77866,20662
78039,46705
78041,37821
78088,26388
78105,9543
78209,32823
78218,38199
78266,37707
78316,37056
78349,29917
78467,20533
78469,34544
78499,10193
78574,39013
78637,10192
78679,37414
78703,39545
78772,24021
78836,34647
78893,10196
79057,34851
79091,20352
79132,27205
79134,38365
79139,27022
79185,37834
79224,38575
79242,39781
79251,73861
79293,27576
79357,31011
79428,38778
79553,37472
79592,27581
79684,39414
79695,27578
79702,22538
79720,44629
79796,23759
79798,26280
79860,43549
79879,43593
79897,44718
79946,41479
80126,27579
80166,41210
80219,23631
80363,35791
80398,37645
80463,37799
80489,23168
80549,37735
80551,38167
80586,43949
80590,33909
80615,41216
80693,43923
80775,38961
80831,41402
80839,39486
80844,27374
80846,44040
80858,38303
80860,38408
80862,42296
80864,38031
80880,44113
80906,44639
80917,43933
80969,42188
81018,41201
81132,45649
81156,16290
81158,39312
81191,39440
81229,39514
81257,44716
81417,41436
81456,51241
81512,44603
81516,41215
81535,41439
81537,41733
81562,44115
81564,38055
81591,44214
81641,38363
81782,44048
81784,38357
81788,43539
81791,39210
81804,44147
81817,43434
81819,45958
81834,12444
81845,45269
81847,38757
81932,45317
82041,46420
82095,42684
82143,14463
82152,38117
82167,43347
82169,10140
82173,47607
82202,37710
82242,48395
82244,44982
82459,44264
82461,20526
82463,44009
82527,46829
82534,44129
82667,49797
82744,41283
82767,27585
82852,39451
82854,38745
83086,42297
83132,51739
83134,46838
83270,46138
83302,23830
83349,40805
83369,49009
83480,23047
83613,49849
83798,35052
83803,40619
83910,44564
83976,63578
84152,51876
84187,22843
84189,43947
84273,54293
84374,41630
84392,50348
84395,48171
84601,48138
84615,52067
84637,45772
84772,39513
84844,20993
84944,44896
84952,54186
84954,38050
85020,27582
85022,48988
85056,46529
85131,44943
85179,28874
85213,56831
85342,47931
85367,50546
85394,59490
85397,49730
85401,45132
85412,46146
85414,45612
85438,38684
85510,23629
85774,58496
85788,49018
85796,49010
85881,55725
85885,48650
86000,39356
86142,58857
86190,50456
86295,41446
86298,46195
86320,62215
86332,10195
86345,45523
86347,30969
86355,56780
86377,24447
86548,55787
86644,51497
86781,46738
86815,43959
86817,49022
86833,55721
86835,38321
86852,50780
86880,1865
86882,59436
86892,51608
86898,8967
86911,45243
87004,57276
87192,59678
87194,59468
87222,49444
87232,49538
87234,49020
87298,45658
87304,55347
87306,37686
87430,44912
87485,52449
87520,38356
87529,38319
87660,65034
87869,51540
87876,49013
88118,66195
88125,12445
88129,64690
88140,1771
88163,50646
88179,51828
88235,67913
88267,51162
88405,50544
88672,59968
88744,61791
88785,49520
88810,50014
88812,62206
88932,55779
88954,55465
89030,58151
89039,55420
89047,44835
89072,52015
89074,58492
89085,48289
89087,62835
89118,63311
89190,37430
89281,40016
89305,69798
89343,48572
89470,39538
89480,64586
89490,64639
89492,60308
89535,73532
89745,24428
89753,49517
89759,60243
89761,48231
89774,59440
89804,10316
89840,49021
89864,40807
89896,81401
89898,63375
89904,74643
90057,64720
90249,39254
90345,60935
90357,76543
90374,50837
90376,71859
90403,52451
90405,49530
90430,72113
90439,50839
90469,72571
90522,58233
90531,76025
90578,69668
90600,70670
90645,61891
90647,58423
90717,59108
90719,88794
90746,17578
90809,65229
90866,44826
90888,37958
90890,71880
91077,65057
91079,60420
91094,64328
91104,50619
91126,57212
91128,23514
91134,75900
91199,79120
91273,30618
91323,57431
91325,64685
91414,51052
91485,76163
91500,70160
91505,59457
91529,49026
91535,49040
91542,58574
91622,57157
91628,62838
91630,56292
91653,74465
91658,65754
91660,71469
91681,52274
91890,71688
91974,52520
91976,75174
91978,49527
92008,70435
92048,65760
92058,74997
92152,62564
92192,50357
92210,36865
92243,76758
92259,77338
92391,50698
92420,76726
92422,65086
92439,64678
92507,59961
92509,72570
92694,51999
92920,70954
92938,71676
93164,77495
93270,57214
93272,73723
93287,73937
93297,75674
93326,59962
93363,49529
93443,74387
93475,77949
93498,91010
93510,64688
93512,82532
93563,81796
93721,80767
93740,81025
93766,57165
93805,10679
93831,71552
93838,94329
93840,22970
93855,74306
93982,70436
93988,147269
94015,62764
94018,44833
94070,74534
94266,72207
94405,72387
94478,62213
94558,50037
94677,76493
94777,41154
94780,58595
94799,86812
94864,70981
94896,92591
94931,86555
94939,48392
94953,50647
94959,83666
95088,84332
95105,80321
95167,62177
95207,72331
95309,88005
95311,13042
95441,72105
95443,100046
95449,77930
95510,1930
95543,57800
95558,84175
95654,13929
95720,80035
95761,73567
95858,13930
95873,103332
95875,64635
95939,103747
96079,37724
96110,77953
96281,77174
96417,49526
96432,82633
96488,84334
96567,83686
96588,114150
96606,89708
96610,59967
96612,84188
96655,84329
96691,71679
96693,87825
96728,68722
96737,49049
96751,60599
96811,77016
96815,84348
96821,84892
96829,103663
96832,103328
96861,82675
96911,88273
96966,110160
97024,97365
97057,70667
97172,62214
97188,82507
97225,76492
97304,68734
97306,86838
97311,79697
97328,84306
97752,83542
97785,61012
97836,87826
97860,64689
97866,84287
97870,113947
97913,82690
97921,82693
97923,87502
97936,96724
97938,87827
97957,84194
98056,86837
98122,80215
98154,72976
98203,50620
98239,60747
98243,81188
98361,102780
98491,140420
98585,112336
98604,83389
98607,71883
98809,49051
98961,97630
99007,82654
99112,75780
99114,68718
99117,89492
99145,80278
99149,82695
99437,75761
99728,82682
99764,147538
99787,139038
99910,76640
99912,132232
99917,145197
99996,114779
100083,87818
100106,128190
100108,119283
100163,60304
100244,87499
100302,58244
100383,109421
100390,109431
100440,121835
100487,109491
100498,47964
100507,107811
100527,112949
100556,123678
100714,132344
100745,50275
100810,145135
101025,81005
101070,129112
101076,72559
101088,86825
101112,68728
101142,49519
101283,124459
101285,122081
101360,158011
101362,117263
101415,84199
101525,97367
101577,72710
101739,109428
101741,68727
101864,75612
101895,109410
101962,110420
101973,127517
102033,134374
102066,121606
102070,84204
102088,44865
102123,109414
102125,68721
102194,103731
102407,64682
102445,54138
102481,116741
102666,20803
102684,77987
102686,109439
102716,82992
102720,116711
102753,152780
102800,121986
102880,82700
102903,75656
102993,147773
103017,111083
103027,91739
103042,49521
103048,156700
103075,158015
103137,96936
103141,62211
103219,103620
103228,68726
103249,72190
103253,68724
103306,174772
103315,179826
103335,93456
103339,117251
103341,107985
103366,136418
103372,136795
103384,57201
103449,109099
103483,159117
103539,157386
103606,111969
103624,157354
103655,49524
103688,138843
103772,76170
103801,172533
103810,146216
103849,165213
103883,136400
103980,160588
103984,179144
104074,76285
104078,177699
104211,138832
104241,59859
104243,87421
104272,158999
104283,149870
104303,115782
104312,123553
104337,132363
104339,157360
104374,122906
104441,199373
104457,83899
104736,146223
104841,49047
104863,212716
104879,146233
104881,164457
104908,91586
104913,96721
104925,112205
104944,169813
105037,129139
105197,129670
105211,209263
105213,138697
105355,152584
105429,159008
105468,109451
105504,109424
105519,198287
105593,85889
105653,107846
105731,133805
105742,162903
105769,152795
105835,146015
105844,76203
105869,157370
105954,152747
106002,80274
106011,200481
106062,208134
106072,76338
106100,152532
106195,162215
106240,175574
106438,205220
106441,203833
106452,209274
106487,101299
106489,57158
106491,64686
106696,109445
106766,86829
106782,106646
106785,204082
106841,152737
106916,168672
106918,116745
106920,152601
106983,184314
107069,193756
107130,210024
107141,140823
107314,87516
107348,109443
107406,110415
107771,152603
107883,191714
108188,137094
108190,157350
108566,104086
108689,100241
108727,110414
108729,181886
108778,186992
108825,157841
108928,152760
108932,137106
108945,97020
108977,313289
108981,249397
108983,83564
109187,157834
109374,120467
109487,157336
109569,192102
109578,225574
109633,198375
109673,53182
109740,248774
109848,97370
109850,136797
109864,177494
109895,209403
110102,100402
110127,86834
110407,174675
110453,200505
110501,180299
110553,102382
110586,157832
110591,157547
110603,249660
110675,226448
110730,157353
110771,193610
110809,203739
110882,210479
111113,195589
111235,191720
111249,205601
111360,240832
111362,127585
111364,124905
111384,188166
111387,192132
111443,212778
111617,232672
111622,198277
111659,102651
111743,188161
111759,137113
111778,203819
111781,177677
111913,248212
111921,222935
112070,157851
112087,218425
112138,187017
112171,156022
112175,82702
112183,194662
112290,85350
112334,250658
112370,91314
112399,169607
112421,171372
112550,267999
112552,244786
112556,210577
112623,119450
112788,225886
112804,244267
112852,118340
112868,242095
112897,138103
112911,184315
112940,157849
112946,231576
113071,238603
113188,157845
113225,229297
113240,265169
113252,253306
113275,228194
113345,76757
113348,98566
113378,227156
113453,193893
113573,189
113604,249164
113705,221902
113741,220289
113780,256274
113829,242090
113862,241848
114007,204922
114028,234200
114060,154400
114074,244772
114180,198663
114184,244506
114246,169917
114265,244264
114329,276843
114342,265189
114392,264656
114439,254904
114494,284427
114552,170687
114554,149871
114627,15916
114662,190859
114670,246403
114678,254375
114700,271397
114713,250546
114762,286554
114795,49017
114847,262543
114935,206487
115122,246741
115149,245891
115170,205587
115210,228150
115216,266285
115231,239563
115502,289727
115569,242582
115617,177572
115664,228326
115667,200727
115680,273271
115713,264660
116136,289314
116138,265180
116161,87492
116397,207933
116660,167581
116797,205596
116799,171274
116823,131631
116855,237791
116887,147441
116897,265195
116905,212167
116977,100042
117176,266856
117434,254194
117438,242828
117444,110416
117466,205775
117529,135397
117533,293310
117590,227159
117851,270946
117881,284293
117887,116149
117895,294254
118082,244458
118202,282297
118246,246860
118696,122917
118700,273895
118702,227306
118880,252171
118896,265177
118898,241239
118900,228970
118924,284296
118985,87093
118997,224141
119141,228967
119145,207703
119655,68737
120138,297222
120466,198184
120625,285700
120635,260346
120637,201088
120799,87101
121169,250225
121231,270303
122882,76341
122886,140607
122890,68735
122892,99861
122896,166426
122898,141052
122900,102899
122902,166424
122904,293660
122906,284054
122910,299537
122912,299536
122914,299534
122916,284053
122918,283995
122920,271110
122922,284052
122924,246655
122926,202249
125914,210860
125916,216015
126090,36129
126548,272693
126599,276844
127096,227719
127098,321594
127108,167073
127114,249688
127116,309299
127134,232572
127146,319075
127152,318224
127196,250124
127198,308639
127202,308369
127212,308032
127565,167810
128360,273248
128512,286565
128620,320007
128838,201085
129354,256591
129937,241554
130073,150689
130448,243688
130450,266647
130490,262500
130520,228161
130576,245703
130628,244063
130634,168259
130636,277685
130642,228973
130840,241855
131013,257091
131656,263109
131724,321640
131796,304357
132046,158852
132112,253626
132128,243526
132424,228205
132480,293863
132796,254128
132800,284537
132961,250734
133377,301728
133419,254470
133645,258480
133771,254320
134021,259954
134130,286217
134170,251516
134214,310593
134246,334074
134368,238713
134393,271718
134528,222936
134853,150540
135133,131634
135137,257344
135143,259316
135288,280996
135426,338952
135436,328111
135518,238615
135532,274854
135536,297761
135567,47933
135569,188927
135861,214756
135887,211672
136016,105864
136018,261023
136020,206647
136562,321697
136564,225728
136598,296099
136602,250574
136864,209112
137337,331781
137857,278927
138036,203801
138208,285783
138210,300671
138212,324670
139385,281957
139415,282984
139644,273481
139655,284303
139855,291270
140110,257211
140162,292431
140174,264644
140247,328425
140267,310131
140523,298312
140711,261392
140715,277216
140816,308084
140928,274479
140956,333339
141004,228066
141408,273477
141422,245168
141544,310135
141668,323272
141688,276907
141749,306819
141866,313922
141890,283587
142074,263472
142222,303991
142420,254302
142422,296100
142424,334538
142448,253412
142456,330764
142488,314365
142492,336050
142507,245698
142509,325348
142536,295964
142604,290637
142997,159824
143245,309809
143345,287947
143347,297802
143355,297762
143365,339988
143367,68730
143385,296098
143444,324807
143476,352208
143657,306947
143859,270487
143969,318917
144172,334536
144482,335866
144976,294963
145150,298382
145418,294016
145839,321741
146642,300654
146656,312221
148172,299687
148369,336882
148426,197599
148626,318846
148881,303867
149334,340666
149352,274167
149354,266294
149406,140300
150694,137333
151113,348678
151455,319888
151731,340357
151739,291870
151759,333377
151933,339408
152017,296096
152063,205584
152077,333371
152079,267860
152081,269149
152083,279641
152091,267193
152591,365222
152970,371645
155064,301365
155288,333352
155509,333385
155659,315664
155874,296360
155968,385965
156369,380808
156371,295699
156387,369557
156605,370755
156609,325133
156726,376570
157122,353326
157200,303858
157296,127380
157318,381341
157338,316152
157699,302401
157961,347945
158238,290250
158528,332567
158783,290098
158813,241259
158830,267935
158872,223702
158966,334533
158972,374475
159093,291805
159193,339397
159195,374473
159415,347031
159717,318121
159755,341012
159817,192040
159849,400608
159858,259693
160010,329750
160080,43074
160271,302699
160438,324668
160563,258489
160565,316727
160567,316023
160571,345911
160718,399106
160954,328387
160980,363676
161131,308266
161354,382322
161580,376659
161582,338766
161634,300669
161922,376660
161966,337674
162082,396535
162414,376867
162578,313297
162594,377264
162596,317557
162598,296524
162600,283366
162602,346685
162606,302946
162738,340485
162828,374617
163056,315011
163134,372058
163645,324786
163809,409696
163971,339405
163985,410199
164175,258230
164179,329865
164367,375366
164821,339967
164909,313369
164949,375315
164981,369885
165101,207932
165105,335796
165337,402298
165347,343611
165503,374461
165549,334541
165551,334543
165603,397243
165641,353728
165937,345920
166024,367412
166461,277834
166486,376866
166526,365942
166528,330459
166532,259695
166534,381288
166568,376290
166635,274870
166643,381284
166705,393457
166788,342737
166946,310307
167036,335797
167370,121856
167380,381289
167544,388399
167564,411873
167570,432192
167640,340837
167746,324849
167832,411088
168122,393519
168248,324552
168250,419430
168252,263115
168254,293167
168266,180863
168286,397837
168326,416477
168328,411741
168330,425591
168344,274857
168366,321612
168492,398818
168610,428449
168612,315837
169218,428493
169670,378018
169764,340676
169864,395992
169900,314095
169984,126889
170401,353569
170697,400928
170705,331214
170813,339846
170827,282035
170875,337339
170945,418078
170957,260514
171007,382614
171011,420714
171759,399019
171763,339403
171765,387426
173139,316154
173145,281338
173197,401246
173205,396398
173291,339964
173369,398181
173925,406990
173941,341013
174055,374720
174141,64847
174585,335988
174727,429200
174909,399170
175197,353491
175199,396422
175303,346364
175485,351460
175569,395834
175661,390043
176101,343668
176355,290512
176371,335984
176419,381283
176423,432976
176567,430231
176601,452830
176751,337170
176801,361292
176929,440021
176933,379149
176935,274855
177237,369192
177239,395993
177497,384680
177593,359940
177615,391713
177651,394117
177689,399057
177763,392044
177765,354912
178061,389015
178335,401898
178521,419479
178667,343674
178839,419835
179085,433808
179119,402897
179133,339877
179137,420622
179221,398175
179247,467938
179331,395991
179401,353486
179817,399404
179819,181808
179863,436274
179881,301337
180031,399055
180045,396371
180095,406997
180297,371638
180497,446354
180985,316029
181315,400617
182479,430447
182715,300668
182823,400106
182825,446791
183011,399035
183309,465136
183421,401981
183423,455008
183589,337167
183611,445571
183613,397722
183619,449443
183833,387592
183837,375262
183843,460885
183869,493922
183897,399174
184017,401371
184023,467660
184253,384521
184257,502892
184399,489925
184471,338970
184721,458737
184931,395990
184987,407451
184997,449176
185001,460668
185029,447332
185033,419831
185109,419743
185295,199928
185473,437557
185585,268896
186311,451480
186587,427641
186983,489988
187031,351286
187231,489931
187501,443463
187505,400579
187531,520594
187541,260513
187593,383498
187595,348350
187601,396806
187611,429300
187717,490003
187723,384677
188189,424781
188301,363088
188309,447200
188541,425972
188623,491584
188749,345887
188773,505192
188797,455980
188941,396461
189041,400535
189203,500664
189241,406761
189333,353081
189363,402900
189475,426613
189577,411143
189713,487558
189783,420814
189885,486947
190085,475210
190551,489930
190555,489999
190939,484247
191351,466282
191367,346910
191459,440161
191483,439079
191799,429415
191869,429203
192045,465914
192245,446021
192283,455207
192307,345940
192379,369972
192381,424121
192385,332562
192389,335983
192559,463821
192803,424694
193065,426426
193147,398173
193942,491418
193944,537996
193950,515042
194016,404368
194348,401847
194400,401469
194448,490132
194951,405774
195159,324857
195161,400650
195163,424783
195167,339380
195295,438674
195497,429197
195777,428078
195921,504172
196889,450465
196891,280217
196997,569547
197175,399579
197199,449563
197203,399361
197537,463684
197689,483906
197711,458723
200306,505600
200540,420817
200818,458156
200820,373571
200838,447404
201340,503919
201646,530385
201749,514999
201773,429617
202103,505948
202429,466272
202439,496243
203222,420818
204352,419704
204542,474350
204698,475557
